name_txt,unique_name,name_class
name_txt,unique_name,name_class
name_txt,unique_name,name_class
name_txt,unique_name,name_class
name_txt,unique_name,name_class
name_txt,unique_name,name_class
name_txt,unique_name,name_class
name_txt,unique_name,name_class
name_txt,unique_name,name_class
name_txt,unique_name,name_class
name_txt,unique_name,name_class
name_txt,unique_name,name_class
name_txt,unique_name,name_class
name_txt,unique_name,name_class
name_txt,unique_name,name_class
name_txt,unique_name,name_class
